[
  {
    "id": "05555f93-36af-4403-b442-41f30624717b",
    "data": [
      {
        "text": "co za miły dzień",
        "userDefined": false
      }
    ],
    "isTemplate": false,
    "count": 0,
    "updated": 0
  },
  {
    "id": "e248a8e6-9cf9-4673-9180-99c99ba2b83b",
    "data": [
      {
        "text": "witam",
        "userDefined": false
      }
    ],
    "isTemplate": false,
    "count": 0,
    "updated": 0
  },
  {
    "id": "437bdb88-a6fb-460a-b411-8e6632207ed3",
    "data": [
      {
        "text": "uszanowanie",
        "userDefined": false
      }
    ],
    "isTemplate": false,
    "count": 0,
    "updated": 0
  },
  {
    "id": "a1bce040-7cec-4ab4-82d0-c6f1a7e5a386",
    "data": [
      {
        "text": "hejka",
        "userDefined": false
      }
    ],
    "isTemplate": false,
    "count": 0,
    "updated": 0
  },
  {
    "id": "50c8de63-a832-4c78-bd54-2d3611b8e059",
    "data": [
      {
        "text": "chcę tylko powiedzieć cześć",
        "userDefined": false
      }
    ],
    "isTemplate": false,
    "count": 0,
    "updated": 0
  },
  {
    "id": "215206bc-8843-4a29-a314-f3a32a6dd1e7",
    "data": [
      {
        "text": "hej",
        "userDefined": false
      }
    ],
    "isTemplate": false,
    "count": 0,
    "updated": 0
  },
  {
    "id": "1b52cdec-fcf8-487d-8b9e-baca8b8846b2",
    "data": [
      {
        "text": "no co tam",
        "userDefined": false
      }
    ],
    "isTemplate": false,
    "count": 0,
    "updated": 0
  },
  {
    "id": "8c36e2f8-1ce4-42bb-8985-f605f7073efe",
    "data": [
      {
        "text": "witaj",
        "userDefined": false
      }
    ],
    "isTemplate": false,
    "count": 0,
    "updated": 0
  },
  {
    "id": "9238e1d1-b9fe-4009-89d6-03138561aea4",
    "data": [
      {
        "text": "heja",
        "userDefined": false
      }
    ],
    "isTemplate": false,
    "count": 0,
    "updated": 0
  },
  {
    "id": "41984064-7ff1-4253-a636-82de3e5e3480",
    "data": [
      {
        "text": "dawno Cię nie było",
        "userDefined": false
      }
    ],
    "isTemplate": false,
    "count": 0,
    "updated": 0
  },
  {
    "id": "fbcfce8e-d31f-4921-bc22-4bb5c0f63203",
    "data": [
      {
        "text": "no witam",
        "userDefined": false
      }
    ],
    "isTemplate": false,
    "count": 0,
    "updated": 0
  },
  {
    "id": "d4ffcf8e-b135-4e95-a1bb-c5ece0950c7d",
    "data": [
      {
        "text": "cześć",
        "userDefined": false
      }
    ],
    "isTemplate": false,
    "count": 0,
    "updated": 0
  },
  {
    "id": "f9665287-8c7f-4f85-93ac-442d6fea39e4",
    "data": [
      {
        "text": "hej cześć",
        "userDefined": false
      }
    ],
    "isTemplate": false,
    "count": 0,
    "updated": 0
  },
  {
    "id": "4df6f8bc-d228-404e-9d41-5bbf73a800ee",
    "data": [
      {
        "text": "witaj ponownie",
        "userDefined": false
      }
    ],
    "isTemplate": false,
    "count": 0,
    "updated": 0
  },
  {
    "id": "dc7d7676-36fa-475c-9f88-28cb9ac736f9",
    "data": [
      {
        "text": "dzień dobry",
        "userDefined": false
      }
    ],
    "isTemplate": false,
    "count": 0,
    "updated": 0
  },
  {
    "id": "c9d24afe-7d4d-4b3e-8f1c-a2ad2e1328f5",
    "data": [
      {
        "text": "siemasz",
        "userDefined": false
      }
    ],
    "isTemplate": false,
    "count": 0,
    "updated": 0
  },
  {
    "id": "3cffc3b2-d97c-4c2c-b2fa-b223d85c0545",
    "data": [
      {
        "text": "no hejka",
        "userDefined": false
      }
    ],
    "isTemplate": false,
    "count": 0,
    "updated": 0
  },
  {
    "id": "8184eeac-cc16-42bc-820a-00eab980c5c4",
    "data": [
      {
        "text": "witam Cię",
        "userDefined": false
      }
    ],
    "isTemplate": false,
    "count": 0,
    "updated": 0
  }
]